{
  "games": [
    {
      "username": "poppi",
      "partite": [
        {
          "gameMatrix": [
            "XXXX?XXX?X",
            "?XXX?XX??X",
            "XXXX?XX?+X",
            "?XXX?XX?+X",
            "+?XX?XX?X?",
            "++++++++++"
          ],
          "esito": true,
          "tentativo": 6,
          "secretWord": "amphichrom"
        }
      ]
    },
    {
      "username": "tav",
      "partite": [
        {
          "gameMatrix": [
            "X?X??X?XXX",
            "++++++XXXX",
            "X?XX??????",
            "X?X???X??X",
            "??XX??XXXX",
            "XX?XX?+?++",
            "++++++++++"
          ],
          "esito": true,
          "tentativo": 7,
          "secretWord": "doctorally"
        },
        {
          "gameMatrix": [
            "?XX??XX+XX",
            "++++++++++"
          ],
          "esito": true,
          "tentativo": 2,
          "secretWord": "unpatented"
        },
        {
          "gameMatrix": [
            "?XXXXX?XX+",
            "XX?X?XXXXX",
            "?XXXXX?XX?",
            "XXXX?XXXXX",
            "++++++++++"
          ],
          "esito": true,
          "tentativo": 5,
          "secretWord": "excludable"
        },
        {
          "gameMatrix": [
            "++++++++++"
          ],
          "esito": true,
          "tentativo": 1,
          "secretWord": "grizzlyman"
        },
        {
          "gameMatrix": [
            "XXXXXXXXX?",
            "XXXXXXXXX?",
            "XXXXXXXXX?",
            "XXXXXXXXX?",
            "XXXXXXXXX?",
            "XXXXXXXXX?",
            "XXXXXXXXX?",
            "XXXXXXXXX?",
            "XXXXXXXXX?",
            "XXXXXXXXX?",
            "XXXXXXXXX?",
            "XXXXXXXXX?"
          ],
          "esito": false,
          "tentativo": -1,
          "secretWord": "woodjobber"
        },
        {
          "gameMatrix": [
            "XXXX?XXXX?"
          ],
          "esito": false,
          "tentativo": -1,
          "secretWord": "anisocycle"
        },
        {
          "gameMatrix": [
            "X??XXX??XX",
            "X??XXX??XX",
            "X??XXX??XX",
            "X??XXX??XX",
            "X??XXX??XX",
            "X??XXX??XX",
            "X??XXX??XX",
            "X??XXX??XX",
            "X??XXX??XX",
            "X??XXX??XX",
            "X??XXX??XX"
          ],
          "esito": false,
          "tentativo": -1,
          "secretWord": "pantherish"
        },
        {
          "gameMatrix": [
            "++++++++++"
          ],
          "esito": true,
          "tentativo": 1,
          "secretWord": "wanderjahr"
        },
        {
          "gameMatrix": [
            "++++++++++"
          ],
          "esito": true,
          "tentativo": 1,
          "secretWord": "lipothymic"
        },
        {
          "gameMatrix": [
            "++++++++++"
          ],
          "esito": true,
          "tentativo": 1,
          "secretWord": "puberulous"
        },
        {
          "gameMatrix": [
            "++++++++++"
          ],
          "esito": true,
          "tentativo": 1,
          "secretWord": "digredient"
        },
        {
          "gameMatrix": [
            "++++++++++"
          ],
          "esito": true,
          "tentativo": 1,
          "secretWord": "bowerwoman"
        },
        {
          "gameMatrix": [
            "++++++++++"
          ],
          "esito": true,
          "tentativo": 0,
          "secretWord": "demiwivern"
        }
      ]
    },
    {
      "username": "tav",
      "partite": [
        {
          "gameMatrix": [
            "X?X??X?XXX",
            "++++++XXXX",
            "X?XX??????",
            "X?X???X??X",
            "??XX??XXXX",
            "XX?XX?+?++",
            "++++++++++"
          ],
          "esito": true,
          "tentativo": 7,
          "secretWord": "doctorally"
        },
        {
          "gameMatrix": [
            "?XX??XX+XX",
            "++++++++++"
          ],
          "esito": true,
          "tentativo": 2,
          "secretWord": "unpatented"
        }
      ]
    },
    {
      "username": "palo",
      "partite": [
        {
          "gameMatrix": [
            "X+XXX+X?XX",
            "X+XXXXX?XX",
            "++++++++++"
          ],
          "esito": true,
          "tentativo": 3,
          "secretWord": "highflying"
        }
      ]
    },
    {
      "username": "bott",
      "partite": [
        {
          "gameMatrix": [
            "+XXXXX?X?X",
            "+??X???XXX",
            "+??+X+????",
            "+?+?XX????",
            "+XXX+XXX??",
            "XX???XX?XX",
            "++++++++++"
          ],
          "esito": true,
          "tentativo": 7,
          "secretWord": "prenominal"
        },
        {
          "gameMatrix": [],
          "esito": false,
          "tentativo": -1,
          "secretWord": "prenominal"
        }
      ]
    },
    {
      "username": "bott",
      "partite": [
        {
          "gameMatrix": [
            "+XXXXX?X?X",
            "+??X???XXX",
            "+??+X+????",
            "+?+?XX????",
            "+XXX+XXX??",
            "XX???XX?XX",
            "++++++++++"
          ],
          "esito": true,
          "tentativo": 7,
          "secretWord": "prenominal"
        },
        {
          "gameMatrix": [],
          "esito": false,
          "tentativo": -1,
          "secretWord": "prenominal"
        }
      ]
    },
    {
      "username": "spr",
      "partite": [
        {
          "gameMatrix": [
            "??X?XXXXX?",
            "X?X??X?XXX",
            "X?X??X?XXX",
            "++++++++++"
          ],
          "esito": true,
          "tentativo": 4,
          "secretWord": "septicidal"
        }
      ]
    },
    {
      "username": "op",
      "partite": [
        {
          "gameMatrix": [
            "X???XXXXXX",
            "+???X?X?X?",
            "X???X?X?X?",
            "++++++++++"
          ],
          "esito": true,
          "tentativo": 4,
          "secretWord": "genipapada"
        }
      ]
    },
    {
      "username": "tav",
      "partite": [
        {
          "gameMatrix": [
            "X?X??X?XXX",
            "++++++XXXX",
            "X?XX??????",
            "X?X???X??X",
            "??XX??XXXX",
            "XX?XX?+?++",
            "++++++++++"
          ],
          "esito": true,
          "tentativo": 7,
          "secretWord": "doctorally"
        },
        {
          "gameMatrix": [
            "?XX??XX+XX",
            "++++++++++"
          ],
          "esito": true,
          "tentativo": 2,
          "secretWord": "unpatented"
        },
        {
          "gameMatrix": [
            "?XXXXX?XX+",
            "XX?X?XXXXX",
            "?XXXXX?XX?",
            "XXXX?XXXXX",
            "++++++++++"
          ],
          "esito": true,
          "tentativo": 5,
          "secretWord": "excludable"
        }
      ]
    },
    {
      "username": "tav",
      "partite": [
        {
          "gameMatrix": [
            "X?X??X?XXX",
            "++++++XXXX",
            "X?XX??????",
            "X?X???X??X",
            "??XX??XXXX",
            "XX?XX?+?++",
            "++++++++++"
          ],
          "esito": true,
          "tentativo": 7,
          "secretWord": "doctorally"
        },
        {
          "gameMatrix": [
            "?XX??XX+XX",
            "++++++++++"
          ],
          "esito": true,
          "tentativo": 2,
          "secretWord": "unpatented"
        },
        {
          "gameMatrix": [
            "?XXXXX?XX+",
            "XX?X?XXXXX",
            "?XXXXX?XX?",
            "XXXX?XXXXX",
            "++++++++++"
          ],
          "esito": true,
          "tentativo": 5,
          "secretWord": "excludable"
        },
        {
          "gameMatrix": [
            "++++++++++"
          ],
          "esito": true,
          "tentativo": 1,
          "secretWord": "grizzlyman"
        },
        {
          "gameMatrix": [
            "XXXXXXXXX?",
            "XXXXXXXXX?",
            "XXXXXXXXX?",
            "XXXXXXXXX?",
            "XXXXXXXXX?",
            "XXXXXXXXX?",
            "XXXXXXXXX?",
            "XXXXXXXXX?",
            "XXXXXXXXX?",
            "XXXXXXXXX?",
            "XXXXXXXXX?",
            "XXXXXXXXX?"
          ],
          "esito": false,
          "tentativo": -1,
          "secretWord": "woodjobber"
        },
        {
          "gameMatrix": [
            "XXXX?XXXX?"
          ],
          "esito": false,
          "tentativo": -1,
          "secretWord": "anisocycle"
        }
      ]
    },
    {
      "username": "tav",
      "partite": [
        {
          "gameMatrix": [
            "X?X??X?XXX",
            "++++++XXXX",
            "X?XX??????",
            "X?X???X??X",
            "??XX??XXXX",
            "XX?XX?+?++",
            "++++++++++"
          ],
          "esito": true,
          "tentativo": 7,
          "secretWord": "doctorally"
        },
        {
          "gameMatrix": [
            "?XX??XX+XX",
            "++++++++++"
          ],
          "esito": true,
          "tentativo": 2,
          "secretWord": "unpatented"
        },
        {
          "gameMatrix": [
            "?XXXXX?XX+",
            "XX?X?XXXXX",
            "?XXXXX?XX?",
            "XXXX?XXXXX",
            "++++++++++"
          ],
          "esito": true,
          "tentativo": 5,
          "secretWord": "excludable"
        },
        {
          "gameMatrix": [
            "++++++++++"
          ],
          "esito": true,
          "tentativo": 1,
          "secretWord": "grizzlyman"
        },
        {
          "gameMatrix": [
            "XXXXXXXXX?",
            "XXXXXXXXX?",
            "XXXXXXXXX?",
            "XXXXXXXXX?",
            "XXXXXXXXX?",
            "XXXXXXXXX?",
            "XXXXXXXXX?",
            "XXXXXXXXX?",
            "XXXXXXXXX?",
            "XXXXXXXXX?",
            "XXXXXXXXX?",
            "XXXXXXXXX?"
          ],
          "esito": false,
          "tentativo": -1,
          "secretWord": "woodjobber"
        },
        {
          "gameMatrix": [
            "XXXX?XXXX?"
          ],
          "esito": false,
          "tentativo": -1,
          "secretWord": "anisocycle"
        }
      ]
    },
    {
      "username": "tav",
      "partite": [
        {
          "gameMatrix": [
            "X?X??X?XXX",
            "++++++XXXX",
            "X?XX??????",
            "X?X???X??X",
            "??XX??XXXX",
            "XX?XX?+?++",
            "++++++++++"
          ],
          "esito": true,
          "tentativo": 7,
          "secretWord": "doctorally"
        },
        {
          "gameMatrix": [
            "?XX??XX+XX",
            "++++++++++"
          ],
          "esito": true,
          "tentativo": 2,
          "secretWord": "unpatented"
        },
        {
          "gameMatrix": [
            "?XXXXX?XX+",
            "XX?X?XXXXX",
            "?XXXXX?XX?",
            "XXXX?XXXXX",
            "++++++++++"
          ],
          "esito": true,
          "tentativo": 5,
          "secretWord": "excludable"
        },
        {
          "gameMatrix": [
            "++++++++++"
          ],
          "esito": true,
          "tentativo": 1,
          "secretWord": "grizzlyman"
        },
        {
          "gameMatrix": [
            "XXXXXXXXX?",
            "XXXXXXXXX?",
            "XXXXXXXXX?",
            "XXXXXXXXX?",
            "XXXXXXXXX?",
            "XXXXXXXXX?",
            "XXXXXXXXX?",
            "XXXXXXXXX?",
            "XXXXXXXXX?",
            "XXXXXXXXX?",
            "XXXXXXXXX?",
            "XXXXXXXXX?"
          ],
          "esito": false,
          "tentativo": -1,
          "secretWord": "woodjobber"
        },
        {
          "gameMatrix": [
            "XXXX?XXXX?"
          ],
          "esito": false,
          "tentativo": -1,
          "secretWord": "anisocycle"
        }
      ]
    },
    {
      "username": "tav",
      "partite": [
        {
          "gameMatrix": [
            "X?X??X?XXX",
            "++++++XXXX",
            "X?XX??????",
            "X?X???X??X",
            "??XX??XXXX",
            "XX?XX?+?++",
            "++++++++++"
          ],
          "esito": true,
          "tentativo": 7,
          "secretWord": "doctorally"
        },
        {
          "gameMatrix": [
            "?XX??XX+XX",
            "++++++++++"
          ],
          "esito": true,
          "tentativo": 2,
          "secretWord": "unpatented"
        },
        {
          "gameMatrix": [
            "?XXXXX?XX+",
            "XX?X?XXXXX",
            "?XXXXX?XX?",
            "XXXX?XXXXX",
            "++++++++++"
          ],
          "esito": true,
          "tentativo": 5,
          "secretWord": "excludable"
        },
        {
          "gameMatrix": [
            "++++++++++"
          ],
          "esito": true,
          "tentativo": 1,
          "secretWord": "grizzlyman"
        },
        {
          "gameMatrix": [
            "XXXXXXXXX?",
            "XXXXXXXXX?",
            "XXXXXXXXX?",
            "XXXXXXXXX?",
            "XXXXXXXXX?",
            "XXXXXXXXX?",
            "XXXXXXXXX?",
            "XXXXXXXXX?",
            "XXXXXXXXX?",
            "XXXXXXXXX?",
            "XXXXXXXXX?",
            "XXXXXXXXX?"
          ],
          "esito": false,
          "tentativo": -1,
          "secretWord": "woodjobber"
        },
        {
          "gameMatrix": [
            "XXXX?XXXX?"
          ],
          "esito": false,
          "tentativo": -1,
          "secretWord": "anisocycle"
        },
        {
          "gameMatrix": [
            "X??XXX??XX",
            "X??XXX??XX",
            "X??XXX??XX",
            "X??XXX??XX",
            "X??XXX??XX",
            "X??XXX??XX",
            "X??XXX??XX",
            "X??XXX??XX",
            "X??XXX??XX",
            "X??XXX??XX",
            "X??XXX??XX"
          ],
          "esito": false,
          "tentativo": -1,
          "secretWord": "pantherish"
        }
      ]
    },
    {
      "username": "tav",
      "partite": [
        {
          "gameMatrix": [
            "X?X??X?XXX",
            "++++++XXXX",
            "X?XX??????",
            "X?X???X??X",
            "??XX??XXXX",
            "XX?XX?+?++",
            "++++++++++"
          ],
          "esito": true,
          "tentativo": 7,
          "secretWord": "doctorally"
        },
        {
          "gameMatrix": [
            "?XX??XX+XX",
            "++++++++++"
          ],
          "esito": true,
          "tentativo": 2,
          "secretWord": "unpatented"
        },
        {
          "gameMatrix": [
            "?XXXXX?XX+",
            "XX?X?XXXXX",
            "?XXXXX?XX?",
            "XXXX?XXXXX",
            "++++++++++"
          ],
          "esito": true,
          "tentativo": 5,
          "secretWord": "excludable"
        },
        {
          "gameMatrix": [
            "++++++++++"
          ],
          "esito": true,
          "tentativo": 1,
          "secretWord": "grizzlyman"
        },
        {
          "gameMatrix": [
            "XXXXXXXXX?",
            "XXXXXXXXX?",
            "XXXXXXXXX?",
            "XXXXXXXXX?",
            "XXXXXXXXX?",
            "XXXXXXXXX?",
            "XXXXXXXXX?",
            "XXXXXXXXX?",
            "XXXXXXXXX?",
            "XXXXXXXXX?",
            "XXXXXXXXX?",
            "XXXXXXXXX?"
          ],
          "esito": false,
          "tentativo": -1,
          "secretWord": "woodjobber"
        },
        {
          "gameMatrix": [
            "XXXX?XXXX?"
          ],
          "esito": false,
          "tentativo": -1,
          "secretWord": "anisocycle"
        },
        {
          "gameMatrix": [
            "X??XXX??XX",
            "X??XXX??XX",
            "X??XXX??XX",
            "X??XXX??XX",
            "X??XXX??XX",
            "X??XXX??XX",
            "X??XXX??XX",
            "X??XXX??XX",
            "X??XXX??XX",
            "X??XXX??XX",
            "X??XXX??XX"
          ],
          "esito": false,
          "tentativo": -1,
          "secretWord": "pantherish"
        },
        {
          "gameMatrix": [
            "++++++++++"
          ],
          "esito": true,
          "tentativo": 1,
          "secretWord": "wanderjahr"
        }
      ]
    },
    {
      "username": "tav",
      "partite": [
        {
          "gameMatrix": [
            "X?X??X?XXX",
            "++++++XXXX",
            "X?XX??????",
            "X?X???X??X",
            "??XX??XXXX",
            "XX?XX?+?++",
            "++++++++++"
          ],
          "esito": true,
          "tentativo": 7,
          "secretWord": "doctorally"
        },
        {
          "gameMatrix": [
            "?XX??XX+XX",
            "++++++++++"
          ],
          "esito": true,
          "tentativo": 2,
          "secretWord": "unpatented"
        },
        {
          "gameMatrix": [
            "?XXXXX?XX+",
            "XX?X?XXXXX",
            "?XXXXX?XX?",
            "XXXX?XXXXX",
            "++++++++++"
          ],
          "esito": true,
          "tentativo": 5,
          "secretWord": "excludable"
        },
        {
          "gameMatrix": [
            "++++++++++"
          ],
          "esito": true,
          "tentativo": 1,
          "secretWord": "grizzlyman"
        },
        {
          "gameMatrix": [
            "XXXXXXXXX?",
            "XXXXXXXXX?",
            "XXXXXXXXX?",
            "XXXXXXXXX?",
            "XXXXXXXXX?",
            "XXXXXXXXX?",
            "XXXXXXXXX?",
            "XXXXXXXXX?",
            "XXXXXXXXX?",
            "XXXXXXXXX?",
            "XXXXXXXXX?",
            "XXXXXXXXX?"
          ],
          "esito": false,
          "tentativo": -1,
          "secretWord": "woodjobber"
        },
        {
          "gameMatrix": [
            "XXXX?XXXX?"
          ],
          "esito": false,
          "tentativo": -1,
          "secretWord": "anisocycle"
        },
        {
          "gameMatrix": [
            "X??XXX??XX",
            "X??XXX??XX",
            "X??XXX??XX",
            "X??XXX??XX",
            "X??XXX??XX",
            "X??XXX??XX",
            "X??XXX??XX",
            "X??XXX??XX",
            "X??XXX??XX",
            "X??XXX??XX",
            "X??XXX??XX"
          ],
          "esito": false,
          "tentativo": -1,
          "secretWord": "pantherish"
        },
        {
          "gameMatrix": [
            "++++++++++"
          ],
          "esito": true,
          "tentativo": 1,
          "secretWord": "wanderjahr"
        },
        {
          "gameMatrix": [
            "++++++++++"
          ],
          "esito": true,
          "tentativo": 1,
          "secretWord": "lipothymic"
        }
      ]
    },
    {
      "username": "tav",
      "partite": [
        {
          "gameMatrix": [
            "X?X??X?XXX",
            "++++++XXXX",
            "X?XX??????",
            "X?X???X??X",
            "??XX??XXXX",
            "XX?XX?+?++",
            "++++++++++"
          ],
          "esito": true,
          "tentativo": 7,
          "secretWord": "doctorally"
        },
        {
          "gameMatrix": [
            "?XX??XX+XX",
            "++++++++++"
          ],
          "esito": true,
          "tentativo": 2,
          "secretWord": "unpatented"
        },
        {
          "gameMatrix": [
            "?XXXXX?XX+",
            "XX?X?XXXXX",
            "?XXXXX?XX?",
            "XXXX?XXXXX",
            "++++++++++"
          ],
          "esito": true,
          "tentativo": 5,
          "secretWord": "excludable"
        },
        {
          "gameMatrix": [
            "++++++++++"
          ],
          "esito": true,
          "tentativo": 1,
          "secretWord": "grizzlyman"
        },
        {
          "gameMatrix": [
            "XXXXXXXXX?",
            "XXXXXXXXX?",
            "XXXXXXXXX?",
            "XXXXXXXXX?",
            "XXXXXXXXX?",
            "XXXXXXXXX?",
            "XXXXXXXXX?",
            "XXXXXXXXX?",
            "XXXXXXXXX?",
            "XXXXXXXXX?",
            "XXXXXXXXX?",
            "XXXXXXXXX?"
          ],
          "esito": false,
          "tentativo": -1,
          "secretWord": "woodjobber"
        },
        {
          "gameMatrix": [
            "XXXX?XXXX?"
          ],
          "esito": false,
          "tentativo": -1,
          "secretWord": "anisocycle"
        },
        {
          "gameMatrix": [
            "X??XXX??XX",
            "X??XXX??XX",
            "X??XXX??XX",
            "X??XXX??XX",
            "X??XXX??XX",
            "X??XXX??XX",
            "X??XXX??XX",
            "X??XXX??XX",
            "X??XXX??XX",
            "X??XXX??XX",
            "X??XXX??XX"
          ],
          "esito": false,
          "tentativo": -1,
          "secretWord": "pantherish"
        },
        {
          "gameMatrix": [
            "++++++++++"
          ],
          "esito": true,
          "tentativo": 1,
          "secretWord": "wanderjahr"
        },
        {
          "gameMatrix": [
            "++++++++++"
          ],
          "esito": true,
          "tentativo": 1,
          "secretWord": "lipothymic"
        },
        {
          "gameMatrix": [
            "++++++++++"
          ],
          "esito": true,
          "tentativo": 1,
          "secretWord": "puberulous"
        }
      ]
    },
    {
      "username": "tav",
      "partite": [
        {
          "gameMatrix": [
            "X?X??X?XXX",
            "++++++XXXX",
            "X?XX??????",
            "X?X???X??X",
            "??XX??XXXX",
            "XX?XX?+?++",
            "++++++++++"
          ],
          "esito": true,
          "tentativo": 7,
          "secretWord": "doctorally"
        },
        {
          "gameMatrix": [
            "?XX??XX+XX",
            "++++++++++"
          ],
          "esito": true,
          "tentativo": 2,
          "secretWord": "unpatented"
        },
        {
          "gameMatrix": [
            "?XXXXX?XX+",
            "XX?X?XXXXX",
            "?XXXXX?XX?",
            "XXXX?XXXXX",
            "++++++++++"
          ],
          "esito": true,
          "tentativo": 5,
          "secretWord": "excludable"
        },
        {
          "gameMatrix": [
            "++++++++++"
          ],
          "esito": true,
          "tentativo": 1,
          "secretWord": "grizzlyman"
        },
        {
          "gameMatrix": [
            "XXXXXXXXX?",
            "XXXXXXXXX?",
            "XXXXXXXXX?",
            "XXXXXXXXX?",
            "XXXXXXXXX?",
            "XXXXXXXXX?",
            "XXXXXXXXX?",
            "XXXXXXXXX?",
            "XXXXXXXXX?",
            "XXXXXXXXX?",
            "XXXXXXXXX?",
            "XXXXXXXXX?"
          ],
          "esito": false,
          "tentativo": -1,
          "secretWord": "woodjobber"
        },
        {
          "gameMatrix": [
            "XXXX?XXXX?"
          ],
          "esito": false,
          "tentativo": -1,
          "secretWord": "anisocycle"
        },
        {
          "gameMatrix": [
            "X??XXX??XX",
            "X??XXX??XX",
            "X??XXX??XX",
            "X??XXX??XX",
            "X??XXX??XX",
            "X??XXX??XX",
            "X??XXX??XX",
            "X??XXX??XX",
            "X??XXX??XX",
            "X??XXX??XX",
            "X??XXX??XX"
          ],
          "esito": false,
          "tentativo": -1,
          "secretWord": "pantherish"
        },
        {
          "gameMatrix": [
            "++++++++++"
          ],
          "esito": true,
          "tentativo": 1,
          "secretWord": "wanderjahr"
        },
        {
          "gameMatrix": [
            "++++++++++"
          ],
          "esito": true,
          "tentativo": 1,
          "secretWord": "lipothymic"
        },
        {
          "gameMatrix": [
            "++++++++++"
          ],
          "esito": true,
          "tentativo": 1,
          "secretWord": "puberulous"
        },
        {
          "gameMatrix": [
            "++++++++++"
          ],
          "esito": true,
          "tentativo": 1,
          "secretWord": "digredient"
        }
      ]
    },
    {
      "username": "tav",
      "partite": [
        {
          "gameMatrix": [
            "X?X??X?XXX",
            "++++++XXXX",
            "X?XX??????",
            "X?X???X??X",
            "??XX??XXXX",
            "XX?XX?+?++",
            "++++++++++"
          ],
          "esito": true,
          "tentativo": 7,
          "secretWord": "doctorally"
        },
        {
          "gameMatrix": [
            "?XX??XX+XX",
            "++++++++++"
          ],
          "esito": true,
          "tentativo": 2,
          "secretWord": "unpatented"
        },
        {
          "gameMatrix": [
            "?XXXXX?XX+",
            "XX?X?XXXXX",
            "?XXXXX?XX?",
            "XXXX?XXXXX",
            "++++++++++"
          ],
          "esito": true,
          "tentativo": 5,
          "secretWord": "excludable"
        },
        {
          "gameMatrix": [
            "++++++++++"
          ],
          "esito": true,
          "tentativo": 1,
          "secretWord": "grizzlyman"
        },
        {
          "gameMatrix": [
            "XXXXXXXXX?",
            "XXXXXXXXX?",
            "XXXXXXXXX?",
            "XXXXXXXXX?",
            "XXXXXXXXX?",
            "XXXXXXXXX?",
            "XXXXXXXXX?",
            "XXXXXXXXX?",
            "XXXXXXXXX?",
            "XXXXXXXXX?",
            "XXXXXXXXX?",
            "XXXXXXXXX?"
          ],
          "esito": false,
          "tentativo": -1,
          "secretWord": "woodjobber"
        },
        {
          "gameMatrix": [
            "XXXX?XXXX?"
          ],
          "esito": false,
          "tentativo": -1,
          "secretWord": "anisocycle"
        },
        {
          "gameMatrix": [
            "X??XXX??XX",
            "X??XXX??XX",
            "X??XXX??XX",
            "X??XXX??XX",
            "X??XXX??XX",
            "X??XXX??XX",
            "X??XXX??XX",
            "X??XXX??XX",
            "X??XXX??XX",
            "X??XXX??XX",
            "X??XXX??XX"
          ],
          "esito": false,
          "tentativo": -1,
          "secretWord": "pantherish"
        },
        {
          "gameMatrix": [
            "++++++++++"
          ],
          "esito": true,
          "tentativo": 1,
          "secretWord": "wanderjahr"
        },
        {
          "gameMatrix": [
            "++++++++++"
          ],
          "esito": true,
          "tentativo": 1,
          "secretWord": "lipothymic"
        },
        {
          "gameMatrix": [
            "++++++++++"
          ],
          "esito": true,
          "tentativo": 1,
          "secretWord": "puberulous"
        },
        {
          "gameMatrix": [
            "++++++++++"
          ],
          "esito": true,
          "tentativo": 1,
          "secretWord": "digredient"
        },
        {
          "gameMatrix": [
            "++++++++++"
          ],
          "esito": true,
          "tentativo": 1,
          "secretWord": "bowerwoman"
        }
      ]
    },
    {
      "username": "tav",
      "partite": [
        {
          "gameMatrix": [
            "X?X??X?XXX",
            "++++++XXXX",
            "X?XX??????",
            "X?X???X??X",
            "??XX??XXXX",
            "XX?XX?+?++",
            "++++++++++"
          ],
          "esito": true,
          "tentativo": 7,
          "secretWord": "doctorally"
        },
        {
          "gameMatrix": [
            "?XX??XX+XX",
            "++++++++++"
          ],
          "esito": true,
          "tentativo": 2,
          "secretWord": "unpatented"
        },
        {
          "gameMatrix": [
            "?XXXXX?XX+",
            "XX?X?XXXXX",
            "?XXXXX?XX?",
            "XXXX?XXXXX",
            "++++++++++"
          ],
          "esito": true,
          "tentativo": 5,
          "secretWord": "excludable"
        },
        {
          "gameMatrix": [
            "++++++++++"
          ],
          "esito": true,
          "tentativo": 1,
          "secretWord": "grizzlyman"
        },
        {
          "gameMatrix": [
            "XXXXXXXXX?",
            "XXXXXXXXX?",
            "XXXXXXXXX?",
            "XXXXXXXXX?",
            "XXXXXXXXX?",
            "XXXXXXXXX?",
            "XXXXXXXXX?",
            "XXXXXXXXX?",
            "XXXXXXXXX?",
            "XXXXXXXXX?",
            "XXXXXXXXX?",
            "XXXXXXXXX?"
          ],
          "esito": false,
          "tentativo": -1,
          "secretWord": "woodjobber"
        },
        {
          "gameMatrix": [
            "XXXX?XXXX?"
          ],
          "esito": false,
          "tentativo": -1,
          "secretWord": "anisocycle"
        },
        {
          "gameMatrix": [
            "X??XXX??XX",
            "X??XXX??XX",
            "X??XXX??XX",
            "X??XXX??XX",
            "X??XXX??XX",
            "X??XXX??XX",
            "X??XXX??XX",
            "X??XXX??XX",
            "X??XXX??XX",
            "X??XXX??XX",
            "X??XXX??XX"
          ],
          "esito": false,
          "tentativo": -1,
          "secretWord": "pantherish"
        },
        {
          "gameMatrix": [
            "++++++++++"
          ],
          "esito": true,
          "tentativo": 1,
          "secretWord": "wanderjahr"
        },
        {
          "gameMatrix": [
            "++++++++++"
          ],
          "esito": true,
          "tentativo": 1,
          "secretWord": "lipothymic"
        },
        {
          "gameMatrix": [
            "++++++++++"
          ],
          "esito": true,
          "tentativo": 1,
          "secretWord": "puberulous"
        },
        {
          "gameMatrix": [
            "++++++++++"
          ],
          "esito": true,
          "tentativo": 1,
          "secretWord": "digredient"
        },
        {
          "gameMatrix": [
            "++++++++++"
          ],
          "esito": true,
          "tentativo": 1,
          "secretWord": "bowerwoman"
        },
        {
          "gameMatrix": [
            "++++++++++"
          ],
          "esito": true,
          "tentativo": 0,
          "secretWord": "demiwivern"
        }
      ]
    },
    {
      "partite": [
        {
          "gameMatrix": [],
          "esito": false,
          "tentativo": -1,
          "secretWord": "herbescent"
        }
      ]
    }
  ]
}