{
  "utenti": [
    {
      "username": "giulio",
      "password": "pw",
      "logged": false
    },
    {
      "username": "giovanni",
      "password": "pw2",
      "logged": false
    },
    {
      "username": "marco",
      "password": "pw3",
      "logged": false
    },
    {
      "username": "paolo",
      "password": "umpa",
      "logged": false
    },
    {
      "username": "mirco",
      "password": "pwForte",
      "logged": false
    },
    {
      "username": "novizo",
      "password": "speranza",
      "logged": false
    },
    {
      "username": "ewamke",
      "password": "wsda",
      "logged": false
    },
    {
      "username": "topo",
      "password": "gigio",
      "logged": false
    },
    {
      "username": "gatto",
      "password": "silvestro",
      "logged": false
    },
    {
      "username": "Enrico",
      "password": "Fermi",
      "logged": false
    },
    {
      "username": "Sergio",
      "password": "Mattarella",
      "logged": false
    },
    {
      "username": "sciarpa",
      "password": "cappello",
      "logged": false
    },
    {
      "username": "power",
      "password": "bank",
      "logged": false
    },
    {
      "username": "bank",
      "password": "power",
      "logged": false
    },
    {
      "username": "compiut",
      "password": "er",
      "logged": false
    },
    {
      "username": "tast",
      "password": "iera",
      "logged": false
    },
    {
      "username": "ewq",
      "password": "qef ddsa",
      "logged": false
    },
    {
      "username": "ciao",
      "password": "bimbi",
      "logged": false
    },
    {
      "username": "das",
      "password": "auto",
      "logged": false
    },
    {
      "username": "panta",
      "password": "loni",
      "logged": false
    },
    {
      "username": "pa",
      "password": "nta",
      "logged": false
    },
    {
      "username": "guga",
      "password": "gaga",
      "logged": false
    },
    {
      "username": "rota",
      "password": "rota",
      "logged": false
    },
    {
      "username": "ewads",
      "password": "qewq3e",
      "logged": false
    },
    {
      "username": "dsapoeqr",
      "password": "qererqmj",
      "logged": false
    },
    {
      "username": "rwkqr",
      "password": "fwfff",
      "logged": false
    },
    {
      "username": "popi",
      "password": "popi",
      "logged": false
    },
    {
      "username": "gianni",
      "password": "12343",
      "logged": false
    },
    {
      "username": "c",
      "password": "wea",
      "logged": false
    },
    {
      "username": "bat",
      "password": "man",
      "logged": false
    },
    {
      "username": "basta",
      "password": "aiuto",
      "logged": false
    },
    {
      "username": "sper",
      "password": "iamo",
      "logged": false
    },
    {
      "username": "chupa",
      "password": "cabra",
      "logged": false
    },
    {
      "username": "troisi",
      "password": "massimo",
      "logged": false
    },
    {
      "username": "pippo",
      "password": "pluto",
      "logged": false
    },
    {
      "username": "pluto",
      "password": "polpo",
      "logged": false
    },
    {
      "username": "che bello",
      "password": "ora va",
      "logged": false
    },
    {
      "username": "qui",
      "password": "quo",
      "logged": false
    },
    {
      "username": "primo",
      "password": "levi",
      "logged": true
    },
    {
      "username": "secondo",
      "password": "leva",
      "logged": false
    },
    {
      "username": "pasticcio",
      "password": "ciccio",
      "logged": true
    },
    {
      "username": "ciccio",
      "password": "pasticcio",
      "logged": false
    },
    {
      "username": "borraccia",
      "password": "acqua",
      "logged": false
    },
    {
      "username": "gomma",
      "password": "arabica",
      "logged": true
    },
    {
      "username": "gigi",
      "password": "proietti",
      "logged": true
    },
    {
      "username": "ennio",
      "password": "morricone",
      "logged": true
    },
    {
      "username": "cari",
      "password": "catore",
      "logged": true
    },
    {
      "username": "sedia",
      "password": "sgabello",
      "logged": true
    },
    {
      "username": "libro",
      "password": "antico",
      "logged": true
    },
    {
      "username": "fucio",
      "password": "criceto",
      "logged": true
    },
    {
      "username": "msi",
      "password": "msi",
      "logged": true
    },
    {
      "username": "spruzzino",
      "password": "spruzzino",
      "logged": true
    },
    {
      "username": "presa",
      "password": "presa",
      "logged": true
    },
    {
      "username": "casco",
      "password": "moto",
      "logged": true
    },
    {
      "username": "cavo",
      "password": "cavo",
      "logged": true
    },
    {
      "username": "poppi",
      "password": "poppi",
      "logged": true
    },
    {
      "username": "tav",
      "password": "tav",
      "logged": true
    },
    {
      "username": "palo",
      "password": "palo",
      "logged": true
    },
    {
      "username": "bott",
      "password": "bott",
      "logged": false
    },
    {
      "username": "spr",
      "password": "spr",
      "logged": true
    },
    {
      "username": "ast",
      "password": "ast",
      "logged": true
    },
    {
      "username": "op",
      "password": "op",
      "logged": true
    },
    {
      "username": "car",
      "password": "car",
      "logged": false
    },
    {
      "username": "java",
      "password": "java",
      "logged": true
    },
    {
      "username": "poli",
      "password": "poli",
      "logged": false
    },
    {
      "username": "mecchi",
      "password": "mecchi",
      "logged": true
    },
    {
      "username": "al",
      "password": "al",
      "logged": true
    },
    {
      "username": "an",
      "password": "an",
      "logged": true
    }
  ]
}